{"cameraMode":{"drawMode":0,"name":"Shaded","section":"Shading Mode"},"sceneLighting":true,"audioPlay":false,"sceneViewState":{"m_AlwaysRefresh":false,"showFog":true,"showSkybox":true,"showFlares":true,"showImageEffects":true,"showParticleSystems":true,"showVisualEffectGraphs":true,"m_FxEnabled":true},"in2DMode":false,"pivot":{"x":272.6304016113281,"y":109.98838806152344,"z":-143.09658813476563},"rotation":{"x":0.11149108409881592,"y":0.21724966168403626,"z":-0.024762503802776338,"w":0.9694088697433472},"size":210.17062377929688,"orthographic":false}